S_1,S_2,S_3,S_4,S_5,S_6,S_7,S_8,S_9,S_10,S_11,S_12,S_13,S_14,S_15,S_16,S_17,S_18,S_19,S_20,balance_1,balance_2,balance_3,balance_4,balance_5,balance_6,balance_7,balance_8,balance_9,balance_10,balance_11,balance_12,balance_13,balance_14,balance_15,balance_16,balance_17,balance_18,balance_19,balance_20
121.35719083490338,119.81873297741514,88.03857765279629,95.94130912765955,71.57856555680442,118.03231982448463,99.37584633598685,128.34331295443698,99.43539124968028,125.87431644151145,128.38746812122233,82.39859988650363,125.7179965254743,79.69965787408442,113.52691064180563,131.27711325244408,97.84408491710089,106.11734255703169,88.97080901615617,83.93915668348617,20.629199189214887,20.853001067750256,2.0277518804458303,4.5055146107588895,0.9168840622628398,17.79477600129494,-1.550230165749534,27.796560568622688,1.8451551995034414,26.37325681002312,29.266338362778406,2.0286551919447335,23.282294209077637,1.7274081111610817,14.14805068144326,30.956496333281883,1.9491415191662957,7.853646577632966,-1.612464070394692,0.334155273134237
